{"train/learning_rate":2.4083238061252567e-06,"train/epoch":1.86,"train/global_step":289,"_timestamp":1.7330822192132816e+09,"_runtime":40391.596318664,"_step":288,"_wandb":{"runtime":40464},"train/loss":0.6489}