{"train/train_runtime":17364.3686,"_wandb":{"runtime":17369},"train/train_steps_per_second":0.029,"train/global_step":510,"train/learning_rate":8.088537223116532e-09,"_timestamp":1.7329389602073636e+09,"train/train_samples_per_second":1.893,"train/epoch":9.9,"train/loss":0.1325,"train/train_loss":0.3462605260385602,"train/total_flos":5.159406784512e+13,"_runtime":17363.363971328,"_step":510}