{"train/train_loss":0.5117546573865648,"_wandb":{"runtime":19245},"_runtime":19239.237408027,"train/global_step":510,"train/total_flos":4.9691709530112e+13,"train/loss":0.1721,"train/epoch":9.9,"train/learning_rate":1.6375037705543826e-07,"_step":510,"train/train_steps_per_second":0.027,"train/train_samples_per_second":1.708,"_timestamp":1.7330024709867342e+09,"train/train_runtime":19239.7873}