{"train/train_runtime":1822.1909,"_timestamp":1.7329156917633483e+09,"train/total_flos":5.173002633216e+12,"_wandb":{"runtime":1828},"train/train_loss":0.9073771986306882,"train/epoch":0.99,"_runtime":1821.76000847,"train/loss":0.3982,"train/global_step":51,"_step":51,"train/train_samples_per_second":1.804,"train/learning_rate":0,"train/train_steps_per_second":0.028}